Price Date,Close Price
17-04-2023,1258.3
13-04-2023,1389.2
12-04-2023,1428.3
11-04-2023,1406.15
10-04-2023,1427.6
06-04-2023,1421.9
05-04-2023,1423.55
03-04-2023,1410.85
31-03-2023,1427.95
29-03-2023,1383.55
28-03-2023,1377.6
27-03-2023,1388.95
24-03-2023,1380.65
23-03-2023,1374.55
22-03-2023,1389.25
21-03-2023,1390.7
20-03-2023,1403.65
17-03-2023,1420.7
16-03-2023,1404.1
15-03-2023,1419.65
14-03-2023,1420
13-03-2023,1435.1
10-03-2023,1471.55
09-03-2023,1480.4
08-03-2023,1492.7
06-03-2023,1507.45
03-03-2023,1479.3
02-03-2023,1472.15
01-03-2023,1496.05
28-02-2023,1487.55
27-02-2023,1509.3
24-02-2023,1550.65
23-02-2023,1550.7
22-02-2023,1561.8
21-02-2023,1579.5
20-02-2023,1592.45
17-02-2023,1583.8
16-02-2023,1601.8
15-02-2023,1597.05
14-02-2023,1593.25
13-02-2023,1567.45
10-02-2023,1608.55
09-02-2023,1617
08-02-2023,1590.5
07-02-2023,1562.4
06-02-2023,1569.85
03-02-2023,1599.4
02-02-2023,1583.75
01-02-2023,1551.1
31-01-2023,1533.75
30-01-2023,1538.8
27-01-2023,1519.15
25-01-2023,1543
24-01-2023,1551.9
23-01-2023,1548
20-01-2023,1525.55
19-01-2023,1538.9
18-01-2023,1545.4
17-01-2023,1539.5
16-01-2023,1525.5
13-01-2023,1503.65
12-01-2023,1480.6
11-01-2023,1471.25
10-01-2023,1469.75
09-01-2023,1484.45
06-01-2023,1448.5
05-01-2023,1475.2
04-01-2023,1494.8
03-01-2023,1522.55
02-01-2023,1524
30-12-2022,1508.2
29-12-2022,1517.55
28-12-2022,1510.15
27-12-2022,1514.85
26-12-2022,1502.4
23-12-2022,1497.1
22-12-2022,1522.05
21-12-2022,1509.55
20-12-2022,1507.3
19-12-2022,1507.35
16-12-2022,1522.2
15-12-2022,1540.5
14-12-2022,1579.4
13-12-2022,1572.15
12-12-2022,1547.2
09-12-2022,1569.3
08-12-2022,1620.15
07-12-2022,1605.5
06-12-2022,1612.9
05-12-2022,1639.75
02-12-2022,1637.9
01-12-2022,1657.1
30-11-2022,1634.95
29-11-2022,1629.05
28-11-2022,1623.4
25-11-2022,1635.65
24-11-2022,1629.8
23-11-2022,1583.15
22-11-2022,1585.05
21-11-2022,1568.2
18-11-2022,1593.4
17-11-2022,1587.4
16-11-2022,1602.8
15-11-2022,1594
14-11-2022,1585.3
11-11-2022,1570.1
10-11-2022,1501.95
09-11-2022,1511.2
07-11-2022,1507.45
04-11-2022,1514
03-11-2022,1530.75
02-11-2022,1553.3
01-11-2022,1573
31-10-2022,1537.65
28-10-2022,1513.25
27-10-2022,1523.95
25-10-2022,1526.3
24-10-2022,1517.85
21-10-2022,1500.5
20-10-2022,1500.9
19-10-2022,1485.45
18-10-2022,1503.7
17-10-2022,1489.95
14-10-2022,1474.25
13-10-2022,1419.9
12-10-2022,1428.7
11-10-2022,1423.8
10-10-2022,1462.65
07-10-2022,1451.2
06-10-2022,1455.15
04-10-2022,1429.4
03-10-2022,1393.75
30-09-2022,1413.45
29-09-2022,1398.65
28-09-2022,1394.7
27-09-2022,1393.55
26-09-2022,1380.25
23-09-2022,1365.45
22-09-2022,1367.95
21-09-2022,1377.25
20-09-2022,1388.55
19-09-2022,1390.3
16-09-2022,1377.05
15-09-2022,1432.8
14-09-2022,1475.4
13-09-2022,1544.95
12-09-2022,1536.2
09-09-2022,1511.65
08-09-2022,1475.9
07-09-2022,1457.65
06-09-2022,1455.1
05-09-2022,1461.3
02-09-2022,1453
01-09-2022,1464.2
30-08-2022,1492.95
29-08-2022,1461.75
26-08-2022,1521.55
25-08-2022,1518.15
24-08-2022,1537.5
23-08-2022,1542.4
22-08-2022,1575.65
19-08-2022,1597.1
18-08-2022,1582.95
17-08-2022,1606.25
16-08-2022,1596.45
12-08-2022,1594.1
11-08-2022,1619.95
10-08-2022,1602.45
08-08-2022,1619.4
05-08-2022,1616.65
04-08-2022,1599.9
03-08-2022,1566.1
02-08-2022,1543.6
01-08-2022,1551.05
29-07-2022,1549.7
28-07-2022,1517.4
27-07-2022,1471.05
26-07-2022,1451.15
25-07-2022,1503.6
22-07-2022,1506.3
21-07-2022,1532.9
20-07-2022,1515.3
19-07-2022,1484.15
18-07-2022,1489.9
15-07-2022,1430.35
14-07-2022,1428.85
13-07-2022,1444.45
12-07-2022,1438.6
11-07-2022,1473.15
08-07-2022,1514.45
07-07-2022,1498.7
06-07-2022,1491.65
05-07-2022,1475.95
04-07-2022,1488
01-07-2022,1479.4
30-06-2022,1461.9
29-06-2022,1463.25
28-06-2022,1480.15
27-06-2022,1474.6
24-06-2022,1441.1
23-06-2022,1452.45
22-06-2022,1437.25
21-06-2022,1449.9
20-06-2022,1414.15
17-06-2022,1387.3
16-06-2022,1397.2
15-06-2022,1422.2
14-06-2022,1440.55
13-06-2022,1424.5
10-06-2022,1476.8
09-06-2022,1515
08-06-2022,1500
07-06-2022,1506.7
06-06-2022,1530.05
03-06-2022,1521.7
02-06-2022,1508
01-06-2022,1478.55
31-05-2022,1503.6
30-05-2022,1526.8
27-05-2022,1461.35
26-05-2022,1423.95
25-05-2022,1410.45
24-05-2022,1441
23-05-2022,1468.4
20-05-2022,1455.15
19-05-2022,1427.15
18-05-2022,1509.2
17-05-2022,1518.45
16-05-2022,1489.1
13-05-2022,1504.4
12-05-2022,1508.8
11-05-2022,1526.75
10-05-2022,1553
09-05-2022,1570.35
06-05-2022,1542.85
05-05-2022,1585.15
04-05-2022,1535.55
02-05-2022,1541
29-04-2022,1567.55
28-04-2022,1582.6
27-04-2022,1552.8
26-04-2022,1581
25-04-2022,1561.1
22-04-2022,1585.45
21-04-2022,1618.8
20-04-2022,1587.7
19-04-2022,1562
18-04-2022,1621.4
13-04-2022,1748.55
12-04-2022,1742.45
11-04-2022,1766.55
08-04-2022,1814.6
07-04-2022,1811
06-04-2022,1828.85
05-04-2022,1861.1
04-04-2022,1882.95
01-04-2022,1903.55
31-03-2022,1906.85
30-03-2022,1903.95
29-03-2022,1886
28-03-2022,1873.9
25-03-2022,1876.55
24-03-2022,1886.7
23-03-2022,1872.4
22-03-2022,1887.4
21-03-2022,1853.05
17-03-2022,1854.6
16-03-2022,1889.4
15-03-2022,1839.3
14-03-2022,1890.7
11-03-2022,1822
10-03-2022,1825.9
09-03-2022,1813.35
08-03-2022,1778.2
07-03-2022,1739.85
04-03-2022,1723.3
03-03-2022,1720.85
02-03-2022,1702.8
28-02-2022,1715.6
25-02-2022,1694.6
24-02-2022,1678.15
23-02-2022,1742.85
22-02-2022,1734.35
21-02-2022,1730.7
18-02-2022,1706.95
17-02-2022,1724.8
16-02-2022,1733.3
15-02-2022,1738.25
14-02-2022,1682.2
11-02-2022,1721.35
10-02-2022,1769.6
09-02-2022,1737.3
08-02-2022,1717.3
07-02-2022,1715
04-02-2022,1741.1
03-02-2022,1738.55
02-02-2022,1787.1
01-02-2022,1772.05
31-01-2022,1736.2
28-01-2022,1686.2
27-01-2022,1678.6
25-01-2022,1722.15
24-01-2022,1736.8
21-01-2022,1785.7
20-01-2022,1823.7
19-01-2022,1867.05
18-01-2022,1920.75
17-01-2022,1939.5
14-01-2022,1929.35
13-01-2022,1896.8
12-01-2022,1877.45
11-01-2022,1855.6
10-01-2022,1850.75
07-01-2022,1814.3
06-01-2022,1817.8
05-01-2022,1844.65
04-01-2022,1899.15
03-01-2022,1898.45
31-12-2021,1887.75
30-12-2021,1892.85
29-12-2021,1885.55
28-12-2021,1888
27-12-2021,1866.15
24-12-2021,1863.5
23-12-2021,1857.6
22-12-2021,1824.7
21-12-2021,1811.6
20-12-2021,1798.9
17-12-2021,1820.85
16-12-2021,1771.6
15-12-2021,1734.2
14-12-2021,1752.15
13-12-2021,1744.65
10-12-2021,1759.25
09-12-2021,1763.45
08-12-2021,1753.35
07-12-2021,1711.65
06-12-2021,1695.3
03-12-2021,1735.55
02-12-2021,1748.25
01-12-2021,1714.9
30-11-2021,1712.65
29-11-2021,1696.35
26-11-2021,1691.65
25-11-2021,1722.4
24-11-2021,1696
23-11-2021,1736.9
22-11-2021,1759.4
18-11-2021,1779.4
17-11-2021,1787.45
16-11-2021,1792.3
15-11-2021,1787.15
12-11-2021,1780.2
11-11-2021,1733.3
10-11-2021,1740.15
09-11-2021,1742.5
08-11-2021,1737.5
04-11-2021,1708.7
03-11-2021,1702.5
02-11-2021,1697.9
01-11-2021,1700.05
29-10-2021,1667.75
28-10-2021,1703.9
27-10-2021,1728.95
26-10-2021,1703.7
25-10-2021,1707.55
22-10-2021,1719.8
21-10-2021,1753.65
20-10-2021,1802.35
19-10-2021,1822.15
18-10-2021,1792.15
14-10-2021,1715.75
13-10-2021,1709.2
12-10-2021,1685.15
11-10-2021,1690.95
08-10-2021,1723.85
07-10-2021,1691
06-10-2021,1673.55
05-10-2021,1692.8
04-10-2021,1678.75
01-10-2021,1665.15
30-09-2021,1675.2
29-09-2021,1692.25
28-09-2021,1687.1
27-09-2021,1721.15
24-09-2021,1763.85
23-09-2021,1742.55
22-09-2021,1716.9
21-09-2021,1718.45
20-09-2021,1687.85
17-09-2021,1691.3
16-09-2021,1702.25
15-09-2021,1711.45
14-09-2021,1686.15
13-09-2021,1691.9
09-09-2021,1691.6
08-09-2021,1693.25
07-09-2021,1706.65
06-09-2021,1730.4
03-09-2021,1700.65
02-09-2021,1689.1
01-09-2021,1677.75
31-08-2021,1706.45
30-08-2021,1698.05
27-08-2021,1708.8
26-08-2021,1727.7
25-08-2021,1735.55
24-08-2021,1720.85
23-08-2021,1738.75
20-08-2021,1732.95
18-08-2021,1733.45
17-08-2021,1741.65
16-08-2021,1704.4
13-08-2021,1712.2
12-08-2021,1689.6
11-08-2021,1677.55
10-08-2021,1677.25
09-08-2021,1663.3
06-08-2021,1650.2
05-08-2021,1653.55
04-08-2021,1649.25
03-08-2021,1655.2
02-08-2021,1631.55
30-07-2021,1610.5
29-07-2021,1617
28-07-2021,1605.6
27-07-2021,1602.55
26-07-2021,1603.9
23-07-2021,1590.45
22-07-2021,1590.2
20-07-2021,1550.05
19-07-2021,1541.7
16-07-2021,1555.45
15-07-2021,1580.8
14-07-2021,1576.9
13-07-2021,1544.95
12-07-2021,1547.85
09-07-2021,1562.9
08-07-2021,1560.75
07-07-2021,1564.6
06-07-2021,1562.2
05-07-2021,1578.95
02-07-2021,1567.8
01-07-2021,1560.4
30-06-2021,1580.8
29-06-2021,1563.05
28-06-2021,1571.8
25-06-2021,1574.2
24-06-2021,1559.2
23-06-2021,1503.15
22-06-2021,1511.85
21-06-2021,1500.3
18-06-2021,1503.3
17-06-2021,1495.3
16-06-2021,1480.6
15-06-2021,1473.9
14-06-2021,1461.8
11-06-2021,1446.9
10-06-2021,1424.3
09-06-2021,1415.3
08-06-2021,1412.95
07-06-2021,1389.65
04-06-2021,1385.65
03-06-2021,1389.65
02-06-2021,1378.65
01-06-2021,1387.2
31-05-2021,1393.75
28-05-2021,1405.05
27-05-2021,1402.25
26-05-2021,1397.25
25-05-2021,1361.6
24-05-2021,1348.05
21-05-2021,1354.5
20-05-2021,1339.3
19-05-2021,1337
18-05-2021,1340
17-05-2021,1329.4
14-05-2021,1316.4
12-05-2021,1327
11-05-2021,1330.65
10-05-2021,1339.55
07-05-2021,1352.55
06-05-2021,1361.6
05-05-2021,1341.5
04-05-2021,1329.4
03-05-2021,1352.05
30-04-2021,1354.35
29-04-2021,1356.35
28-04-2021,1356
27-04-2021,1348.5
26-04-2021,1343.55
23-04-2021,1333.8
22-04-2021,1351.1
20-04-2021,1351.35
19-04-2021,1362.55
16-04-2021,1353.75
15-04-2021,1360.75
13-04-2021,1397.15
12-04-2021,1425.75
09-04-2021,1441.05
08-04-2021,1439.85
07-04-2021,1430.2
06-04-2021,1411.05
05-04-2021,1409.9
01-04-2021,1385.2
31-03-2021,1368.05
30-03-2021,1385.3
26-03-2021,1336.2
25-03-2021,1333.8
24-03-2021,1353.75
23-03-2021,1371.55
22-03-2021,1370.8
19-03-2021,1344.45
18-03-2021,1337.1
17-03-2021,1387
16-03-2021,1384
15-03-2021,1373.6
12-03-2021,1374.85
10-03-2021,1368.15
09-03-2021,1345.55
08-03-2021,1335.75
05-03-2021,1316.7
04-03-2021,1330.35
03-03-2021,1343.55
02-03-2021,1304.5
01-03-2021,1267
26-02-2021,1253.3
25-02-2021,1274.55
24-02-2021,1274.3
23-02-2021,1266.35
22-02-2021,1265.2
19-02-2021,1291.3
18-02-2021,1292.45
17-02-2021,1281.3
16-02-2021,1290.4
15-02-2021,1309.65
12-02-2021,1309.8
11-02-2021,1292.65
10-02-2021,1296.5
09-02-2021,1305.55
08-02-2021,1303.55
05-02-2021,1272.1
04-02-2021,1279.35
03-02-2021,1284.65
02-02-2021,1271.25
01-02-2021,1260.9
29-01-2021,1239.05
28-01-2021,1276.2
27-01-2021,1301
25-01-2021,1325.1
22-01-2021,1340.85
21-01-2021,1339.7
20-01-2021,1339.45
19-01-2021,1316.65
18-01-2021,1312.05
15-01-2021,1344.95
14-01-2021,1370.5
13-01-2021,1387.15
12-01-2021,1371.75
11-01-2021,1376.2
08-01-2021,1312.1
07-01-2021,1262.15
06-01-2021,1282.1
05-01-2021,1293.8
04-01-2021,1288.25
01-01-2021,1260.45
31-12-2020,1255.8
30-12-2020,1246.8
29-12-2020,1250.3
28-12-2020,1240.3
24-12-2020,1236.05
23-12-2020,1253.05
22-12-2020,1220.5
21-12-2020,1177.3
18-12-2020,1189.8
17-12-2020,1159.2
16-12-2020,1165.7
15-12-2020,1154.6
14-12-2020,1164.55
11-12-2020,1163.2
10-12-2020,1167.75
09-12-2020,1175.2
08-12-2020,1153.35
07-12-2020,1143.5
04-12-2020,1134.65
03-12-2020,1126.45
02-12-2020,1140.9
01-12-2020,1137.85
27-11-2020,1100
26-11-2020,1113.2
25-11-2020,1115.65
24-11-2020,1140.05
23-11-2020,1139.85
20-11-2020,1103.35
19-11-2020,1096.75
18-11-2020,1110.55
17-11-2020,1123.7
14-11-2020,1133.45
13-11-2020,1124.2
12-11-2020,1117.75
11-11-2020,1122.5
10-11-2020,1091.05
09-11-2020,1136.55
06-11-2020,1112.75
05-11-2020,1104
04-11-2020,1093.95
03-11-2020,1062.55
02-11-2020,1072.3
30-10-2020,1060.6
29-10-2020,1074.85
28-10-2020,1076.55
27-10-2020,1090.85
26-10-2020,1112.45
23-10-2020,1122.5
22-10-2020,1129.05
21-10-2020,1148.35
20-10-2020,1137.5
19-10-2020,1125.9
16-10-2020,1127.5
15-10-2020,1108.25
14-10-2020,1137
13-10-2020,1157.8
12-10-2020,1132.1
09-10-2020,1106.8
08-10-2020,1093.7
07-10-2020,1066.55
06-10-2020,1055.75
05-10-2020,1048.7
01-10-2020,1017.65
30-09-2020,1008.25
29-09-2020,1009
28-09-2020,1010.4
25-09-2020,1011.45
24-09-2020,975.4
23-09-2020,1019.75
22-09-2020,1007.5
21-09-2020,1009.9
18-09-2020,1002.15
17-09-2020,1011
16-09-2020,1001.75
15-09-2020,982.45
14-09-2020,978.4
11-09-2020,945.7
10-09-2020,940.05
09-09-2020,927.75
08-09-2020,939.3
07-09-2020,925.05
04-09-2020,919.15
03-09-2020,935.55
02-09-2020,924
01-09-2020,914.15
31-08-2020,928.6
28-08-2020,935.25
27-08-2020,947.05
26-08-2020,950.8
25-08-2020,938.1
24-08-2020,947.4
21-08-2020,948.8
20-08-2020,955.15
19-08-2020,959.3
18-08-2020,967.55
17-08-2020,957.5
14-08-2020,953.6
13-08-2020,951.2
12-08-2020,954.95
11-08-2020,948.45
10-08-2020,951.35
07-08-2020,950.9
06-08-2020,970.85
05-08-2020,944.7
04-08-2020,949.85
03-08-2020,956.9
31-07-2020,966
30-07-2020,961.45
29-07-2020,954.15
28-07-2020,962.85
27-07-2020,948.45
24-07-2020,922.85
23-07-2020,907.95
22-07-2020,917.9
21-07-2020,936.75
20-07-2020,934.3
17-07-2020,903.15
16-07-2020,911
15-07-2020,830.95
14-07-2020,783.25
13-07-2020,797.05
10-07-2020,781.85
09-07-2020,781.7
08-07-2020,774.7
07-07-2020,794.15
06-07-2020,764
03-07-2020,762.7
02-07-2020,756.6
01-07-2020,731.9
30-06-2020,735.95
29-06-2020,731.75
26-06-2020,748.2
25-06-2020,700.5
24-06-2020,714.15
23-06-2020,720.65
22-06-2020,703.7
19-06-2020,705.55
18-06-2020,713.9
17-06-2020,703.65
16-06-2020,701.2
15-06-2020,687.55
12-06-2020,692.05
11-06-2020,703.95
10-06-2020,715.85
09-06-2020,717.6
08-06-2020,720.85
05-06-2020,703.55
04-06-2020,707.75
03-06-2020,701.55
02-06-2020,708.1
01-06-2020,699.55
29-05-2020,691
28-05-2020,707.4
27-05-2020,705.45
26-05-2020,680.55
22-05-2020,692.35
21-05-2020,672.2
20-05-2020,669.55
19-05-2020,668.6
18-05-2020,663.9
15-05-2020,652.3
14-05-2020,658.15
13-05-2020,694.15
12-05-2020,687.65
11-05-2020,682.9
08-05-2020,674.2
07-05-2020,664.95
06-05-2020,665.9
05-05-2020,673.7
04-05-2020,673.7
30-04-2020,715.5
29-04-2020,676.55
28-04-2020,660.7
27-04-2020,664.6
24-04-2020,658
23-04-2020,679.3
22-04-2020,641.85
21-04-2020,633.2
20-04-2020,653.3
17-04-2020,628.75
16-04-2020,623.85
15-04-2020,639.05
13-04-2020,637.4
09-04-2020,636.25
08-04-2020,631.6
07-04-2020,639
03-04-2020,585.7
01-04-2020,602.8
31-03-2020,641.5
30-03-2020,626.7
27-03-2020,652.7
26-03-2020,643
25-03-2020,606.2
24-03-2020,589.8
23-03-2020,526.45
20-03-2020,585.2
19-03-2020,545.55
18-03-2020,534.3
17-03-2020,554.95
16-03-2020,583.15
13-03-2020,642.35
12-03-2020,631.2
11-03-2020,686
09-03-2020,704.45
06-03-2020,738.95
05-03-2020,754.6
04-03-2020,758.75
03-03-2020,747
02-03-2020,741.05
28-02-2020,731.7
27-02-2020,777.85
26-02-2020,782.75
25-02-2020,798.4
24-02-2020,795.85
20-02-2020,797
19-02-2020,800.45
18-02-2020,797.65
17-02-2020,789.45
14-02-2020,786.45
13-02-2020,792.25
12-02-2020,781.05
11-02-2020,773.55
10-02-2020,773.2
07-02-2020,777.3
06-02-2020,771.35
05-02-2020,784.55
04-02-2020,787.85
03-02-2020,767.4
01-02-2020,779.5
31-01-2020,775.95
30-01-2020,780.7
29-01-2020,789.7
28-01-2020,778
27-01-2020,778.1
24-01-2020,782.75
23-01-2020,784.35
22-01-2020,770.2
21-01-2020,762.5
20-01-2020,768.45
17-01-2020,767.85
16-01-2020,767
15-01-2020,767.55
14-01-2020,775.65
13-01-2020,773.55
10-01-2020,738.15
09-01-2020,727.55
08-01-2020,718.2
07-01-2020,727.9
06-01-2020,738.85
03-01-2020,746
02-01-2020,734.7
01-01-2020,736.85
31-12-2019,731.15
30-12-2019,732.9
27-12-2019,736.95
26-12-2019,728.95
24-12-2019,733.4
23-12-2019,736
20-12-2019,731.55
19-12-2019,730.85
18-12-2019,732.45
17-12-2019,729.7
16-12-2019,714
13-12-2019,711.3
12-12-2019,702.1
11-12-2019,721.05
10-12-2019,714.55
09-12-2019,717.25
06-12-2019,715.1
05-12-2019,714.85
04-12-2019,708.85
03-12-2019,698.35
02-12-2019,692.7
29-11-2019,696.35
28-11-2019,701.85
27-11-2019,695.75
26-11-2019,690.6
25-11-2019,698.1
22-11-2019,693.2
21-11-2019,713.25
20-11-2019,713
19-11-2019,712.85
18-11-2019,705.2
15-11-2019,703.9
14-11-2019,705.3
13-11-2019,691.35
11-11-2019,704.4
08-11-2019,708.15
07-11-2019,720.1
06-11-2019,712.3
05-11-2019,696.1
04-11-2019,709
01-11-2019,687.9
31-10-2019,685.6
30-10-2019,660.6
29-10-2019,650.65
27-10-2019,648.85
25-10-2019,637.45
24-10-2019,635.35
23-10-2019,650.6
22-10-2019,643.55
18-10-2019,767.85
17-10-2019,769.5
16-10-2019,771.45
15-10-2019,768.3
14-10-2019,786.1
11-10-2019,814.8
10-10-2019,783.05
09-10-2019,783.65
07-10-2019,789.55
04-10-2019,793.45
03-10-2019,785.6
01-10-2019,793.55
30-09-2019,805.65
27-09-2019,782.2
26-09-2019,782.55
25-09-2019,792.65
24-09-2019,794.05
23-09-2019,764.35
20-09-2019,805
19-09-2019,820.7
18-09-2019,829.85
17-09-2019,831.25
16-09-2019,827.7
13-09-2019,829.3
12-09-2019,816.4
11-09-2019,820.1
09-09-2019,829.1
06-09-2019,840.15
05-09-2019,834.05
04-09-2019,821.3
03-09-2019,814.25
30-08-2019,814.9
29-08-2019,806.95
28-08-2019,802.5
27-08-2019,784.65
26-08-2019,802.55
23-08-2019,802.2
22-08-2019,795.7
21-08-2019,799.45
20-08-2019,792.75
19-08-2019,777.65
16-08-2019,774.55
14-08-2019,774.8
13-08-2019,764.75
09-08-2019,789.85
08-08-2019,788.75
07-08-2019,776.1
06-08-2019,774.45
05-08-2019,776.7
02-08-2019,775.6
01-08-2019,768.85
31-07-2019,793.65
30-07-2019,792.7
29-07-2019,791.45
26-07-2019,787
25-07-2019,794.5
24-07-2019,786.3
23-07-2019,790.05
22-07-2019,784.4
19-07-2019,785.4
18-07-2019,792.7
17-07-2019,794.15
16-07-2019,784.85
15-07-2019,779.35
12-07-2019,726.75
11-07-2019,721.5
10-07-2019,717.25
09-07-2019,715.5
08-07-2019,717.6
05-07-2019,718
04-07-2019,733.8
03-07-2019,731.3
02-07-2019,740
01-07-2019,731.3
28-06-2019,732
27-06-2019,730.55
26-06-2019,739.2
25-06-2019,748.1
24-06-2019,745.5
21-06-2019,750.2
20-06-2019,754.9
19-06-2019,751.9
18-06-2019,750.15
17-06-2019,740.55
14-06-2019,740.45
13-06-2019,742.65
12-06-2019,753.8
11-06-2019,754.9
10-06-2019,753.5
07-06-2019,739.1
06-06-2019,735.6
04-06-2019,735.3
03-06-2019,744.65
31-05-2019,737.75
30-05-2019,733.55
29-05-2019,727.8
28-05-2019,728.1
27-05-2019,708.1
24-05-2019,709.2
23-05-2019,701.05
22-05-2019,709.75
21-05-2019,709.3
20-05-2019,722.4
17-05-2019,723.9
16-05-2019,733.1
15-05-2019,716.1
14-05-2019,713.85
13-05-2019,719.7
10-05-2019,716.85
09-05-2019,721.05
08-05-2019,719.35
07-05-2019,724.55
06-05-2019,718.4
03-05-2019,723.6
02-05-2019,730.8
30-04-2019,751.35
26-04-2019,738
25-04-2019,728.55
24-04-2019,736.45
23-04-2019,728.2
22-04-2019,721.05
18-04-2019,717.05
16-04-2019,724.1
15-04-2019,727.5
12-04-2019,747.75
11-04-2019,742.7
10-04-2019,752.7
09-04-2019,760.6
08-04-2019,767.25
05-04-2019,759.3
04-04-2019,747.9
03-04-2019,753.3
02-04-2019,759.4
01-04-2019,755.1
29-03-2019,743.85
28-03-2019,737.8
27-03-2019,729.7
26-03-2019,727.75
25-03-2019,735.25
22-03-2019,743.1
20-03-2019,738.95
19-03-2019,722.25
18-03-2019,710.2
15-03-2019,718.55
14-03-2019,708.35
13-03-2019,708.45
12-03-2019,706.95
11-03-2019,711.25
08-03-2019,712.35
07-03-2019,722.95
06-03-2019,732.5
05-03-2019,732.5
01-03-2019,741.9
28-02-2019,734.3
27-02-2019,735.25
26-02-2019,742.5
25-02-2019,754.9
22-02-2019,734.95
21-02-2019,733.45
20-02-2019,740.7
19-02-2019,724.3
18-02-2019,741.05
15-02-2019,741.95
14-02-2019,740.05
13-02-2019,754.9
12-02-2019,750.45
11-02-2019,762.8
08-02-2019,760.9
07-02-2019,764
06-02-2019,763.3
05-02-2019,754.85
04-02-2019,755.9
01-02-2019,757.05
31-01-2019,749.55
30-01-2019,725.9
29-01-2019,727.9
28-01-2019,727.95
25-01-2019,730.35
24-01-2019,732
23-01-2019,731.65
22-01-2019,745.35
21-01-2019,745
18-01-2019,730.95
17-01-2019,733.35
16-01-2019,736.8
15-01-2019,726.6
14-01-2019,701.9
11-01-2019,683.5
10-01-2019,679.7
09-01-2019,676.1
08-01-2019,670.05
07-01-2019,671.7
04-01-2019,661.05
03-01-2019,669.15
02-01-2019,669.05
01-01-2019,665.05
31-12-2018,658.95
28-12-2018,656.95
27-12-2018,656.8
26-12-2018,644.05
24-12-2018,649
21-12-2018,646.2
20-12-2018,667.05
19-12-2018,664.85
18-12-2018,676.6
17-12-2018,694.4
14-12-2018,706.05
13-12-2018,697.75
12-12-2018,678.5
11-12-2018,674.5
10-12-2018,669.2
07-12-2018,682.8
06-12-2018,668.5
05-12-2018,681.4
04-12-2018,685.25
03-12-2018,670.35
30-11-2018,667.45
29-11-2018,661.05
28-11-2018,666.4
27-11-2018,638.9
26-11-2018,621.45
22-11-2018,620.75
21-11-2018,619.1
20-11-2018,641.4
19-11-2018,651.7
16-11-2018,650.85
15-11-2018,656.4
14-11-2018,653.2
13-11-2018,665.7
12-11-2018,664.2
09-11-2018,659.5
07-11-2018,675.5
06-11-2018,666.45
05-11-2018,666
02-11-2018,662.25
01-11-2018,666.7
31-10-2018,686.4
30-10-2018,659.6
29-10-2018,644.75
26-10-2018,633.6
25-10-2018,648.75
24-10-2018,649.8
23-10-2018,657.6
22-10-2018,679.95
19-10-2018,683.55
17-10-2018,705.35
16-10-2018,695.25
15-10-2018,698.8
12-10-2018,678.8
11-10-2018,673.35
10-10-2018,700.45
09-10-2018,717.75
08-10-2018,714.45
05-10-2018,724.6
04-10-2018,707.2
03-10-2018,728.5
01-10-2018,746.65
28-09-2018,730.05
27-09-2018,724.8
26-09-2018,717.85
25-09-2018,726.2
24-09-2018,718.25
21-09-2018,705.3
19-09-2018,719.75
18-09-2018,719.1
17-09-2018,725.95
14-09-2018,733.7
12-09-2018,742.9
11-09-2018,734.3
10-09-2018,730.85
07-09-2018,732.8
06-09-2018,727.15
05-09-2018,729.9
04-09-2018,737.15
03-09-2018,1434.25
31-08-2018,1441.1
30-08-2018,1416.2
29-08-2018,1410.1
28-08-2018,1424.7
27-08-2018,1415.4
24-08-2018,1378.3
23-08-2018,1397.4
21-08-2018,1383.95
20-08-2018,1384.25
17-08-2018,1430.35
16-08-2018,1429.55
14-08-2018,1408.3
13-08-2018,1408.75
10-08-2018,1385.45
09-08-2018,1379.95
08-08-2018,1362.75
07-08-2018,1367.95
06-08-2018,1360.65
03-08-2018,1364.1
02-08-2018,1353.65
01-08-2018,1354.05
31-07-2018,1365.1
30-07-2018,1351
27-07-2018,1373.45
26-07-2018,1373.25
25-07-2018,1383.75
24-07-2018,1377.15
23-07-2018,1355.95
20-07-2018,1348.1
19-07-2018,1316.7
18-07-2018,1322.55
17-07-2018,1327.9
16-07-2018,1332.85
13-07-2018,1317.4
12-07-2018,1294.35
11-07-2018,1320.45
10-07-2018,1301.4
09-07-2018,1298.85
06-07-2018,1284.25
05-07-2018,1284
04-07-2018,1345.2
03-07-2018,1353.75
02-07-2018,1334.7
29-06-2018,1307.2
28-06-2018,1289.6
27-06-2018,1270
26-06-2018,1277.85
25-06-2018,1272.45
22-06-2018,1247.85
21-06-2018,1246.55
20-06-2018,1243.15
19-06-2018,1241.6
18-06-2018,1267.4
15-06-2018,1281.25
14-06-2018,1239.7
13-06-2018,1274.8
12-06-2018,1258.5
11-06-2018,1262.4
08-06-2018,1260.05
07-06-2018,1252.45
06-06-2018,1237.45
05-06-2018,1220.85
04-06-2018,1239.4
01-06-2018,1220.8
31-05-2018,1231.8
30-05-2018,1211.7
29-05-2018,1216.7
28-05-2018,1214.4
25-05-2018,1228.3
24-05-2018,1221
23-05-2018,1184.9
22-05-2018,1193.85
21-05-2018,1179.5
18-05-2018,1183.2
17-05-2018,1182.9
16-05-2018,1189.95
15-05-2018,1194.55
14-05-2018,1189.3
11-05-2018,1180.75
10-05-2018,1168
09-05-2018,1170.7
08-05-2018,1165.55
07-05-2018,1183
04-05-2018,1173.1
03-05-2018,1182.55
02-05-2018,1197.05
30-04-2018,1199.5
27-04-2018,1185.2
26-04-2018,1176.45
25-04-2018,1160.35
24-04-2018,1154.5
23-04-2018,1187.7
20-04-2018,1178.45
19-04-2018,1132.85
18-04-2018,1125.95
17-04-2018,1125.2
16-04-2018,1133.2
13-04-2018,1171.45
12-04-2018,1162.6
11-04-2018,1124.25
10-04-2018,1113.4
09-04-2018,1111.25
06-04-2018,1127
05-04-2018,1147.55
04-04-2018,1124.2
03-04-2018,1140.45
02-04-2018,1137.15
28-03-2018,1131.8
27-03-2018,1154
26-03-2018,1155.25
23-03-2018,1167.6
22-03-2018,1161.3
21-03-2018,1167.5
20-03-2018,1164.55
19-03-2018,1146.75
16-03-2018,1171.9
15-03-2018,1182.5
14-03-2018,1180.8
13-03-2018,1183.8
12-03-2018,1185.75
09-03-2018,1163.4
08-03-2018,1156.65
07-03-2018,1144.1
06-03-2018,1151.35
05-03-2018,1155.9
01-03-2018,1160.75
28-02-2018,1172.6
27-02-2018,1150.2
26-02-2018,1138.6
23-02-2018,1155.65
22-02-2018,1160.75
21-02-2018,1147.4
20-02-2018,1136.95
19-02-2018,1131.75
16-02-2018,1128.05
15-02-2018,1114.45
14-02-2018,1097.75
12-02-2018,1102.8
09-02-2018,1109.15
08-02-2018,1134.25
07-02-2018,1109.05
06-02-2018,1107.75
05-02-2018,1138.2
02-02-2018,1143.25
01-02-2018,1144.6
31-01-2018,1150.25
30-01-2018,1170.65
29-01-2018,1182.9
25-01-2018,1175.4
24-01-2018,1185.8
23-01-2018,1177.1
22-01-2018,1150
19-01-2018,1143.45
18-01-2018,1152.7
17-01-2018,1152.1
16-01-2018,1122.85
15-01-2018,1081.15
12-01-2018,1078.45
11-01-2018,1075.8
10-01-2018,1052.25
09-01-2018,1041.35
08-01-2018,1036.05
05-01-2018,1012
04-01-2018,1015.4
03-01-2018,1021.3
02-01-2018,1029.7
01-01-2018,1033.55
29-12-2017,1042.05
28-12-2017,1033.25
27-12-2017,1034.25
26-12-2017,1035.6
22-12-2017,1039.35
21-12-2017,1022.05
20-12-2017,1015.85
19-12-2017,1003.95
18-12-2017,1016.6
15-12-2017,1022.9
14-12-2017,1013.1
13-12-2017,1003.75
12-12-2017,1010.5
11-12-2017,1005.3
08-12-2017,1001.85
07-12-2017,999.8
06-12-2017,990.3
05-12-2017,984.35
04-12-2017,985.35
01-12-2017,958.8
30-11-2017,976.1
29-11-2017,982.7
28-11-2017,984.7
27-11-2017,998.75
24-11-2017,1009.55
23-11-2017,991.25
22-11-2017,966.3
21-11-2017,966.25
20-11-2017,960.55
17-11-2017,970.95
16-11-2017,988.4
15-11-2017,951.8
14-11-2017,949.1
13-11-2017,951.95
10-11-2017,962.05
09-11-2017,954.5
08-11-2017,952.3
07-11-2017,955.5
06-11-2017,928.7
03-11-2017,926.65
02-11-2017,922.9
01-11-2017,927.05
31-10-2017,921.85
30-10-2017,944.1
27-10-2017,946.35
26-10-2017,947.35
25-10-2017,935.3
24-10-2017,926.5
23-10-2017,939.5
19-10-2017,926.95
18-10-2017,924.35
17-10-2017,930.5
16-10-2017,939
13-10-2017,930.1
12-10-2017,927.3
11-10-2017,930.7
10-10-2017,935.45
09-10-2017,923.9
06-10-2017,920.15
05-10-2017,903.05
04-10-2017,899.6
03-10-2017,903.55
29-09-2017,899.9
28-09-2017,896
27-09-2017,899.8
26-09-2017,905.9
25-09-2017,895.35
22-09-2017,898.3
21-09-2017,909.55
20-09-2017,912.7
19-09-2017,912.25
18-09-2017,909.1
15-09-2017,908.25
14-09-2017,892.4
13-09-2017,883.75
12-09-2017,884.05
11-09-2017,878.7
08-09-2017,884.3
07-09-2017,895.75
06-09-2017,895.6
05-09-2017,901.9
04-09-2017,900.2
01-09-2017,919.95
31-08-2017,914.95
30-08-2017,926.65
29-08-2017,927.45
28-08-2017,941
24-08-2017,912.15
23-08-2017,892.8
22-08-2017,875.4
21-08-2017,873.4
18-08-2017,923.25
17-08-2017,1020.85
16-08-2017,975.2
14-08-2017,981.45
11-08-2017,987.7
10-08-2017,981.25
09-08-2017,969.35
08-08-2017,963.85
07-08-2017,968.25
04-08-2017,983.75
03-08-2017,984
02-08-2017,993.35
01-08-2017,1005.55
31-07-2017,1011.2
28-07-2017,997.35
27-07-2017,971.05
26-07-2017,994.05
25-07-2017,993.85
24-07-2017,990.55
21-07-2017,980.1
20-07-2017,969.45
19-07-2017,979.85
18-07-2017,985.6
17-07-2017,984.05
14-07-2017,972.05
13-07-2017,977.05
12-07-2017,972.35
11-07-2017,975.35
10-07-2017,957.05
07-07-2017,935.4
06-07-2017,947
05-07-2017,950.9
04-07-2017,962.15
03-07-2017,951.9
30-06-2017,935.55
29-06-2017,930.2
28-06-2017,924.7
27-06-2017,927.05
23-06-2017,943.25
22-06-2017,940.15
21-06-2017,943.35
20-06-2017,943.55
19-06-2017,929.85
16-06-2017,940.25
15-06-2017,952.1
14-06-2017,958.6
13-06-2017,957.8
12-06-2017,963.85
09-06-2017,948.6
08-06-2017,956.45
07-06-2017,961.3
06-06-2017,979.35
05-06-2017,958.75
02-06-2017,969.45
01-06-2017,971.4
31-05-2017,977.05
30-05-2017,996.2
29-05-2017,985.15
26-05-2017,995.7
25-05-2017,983.3
24-05-2017,954.8
23-05-2017,957.3
22-05-2017,961.45
19-05-2017,957.95
18-05-2017,961.75
17-05-2017,952.8
16-05-2017,955
15-05-2017,951.55
12-05-2017,964.25
11-05-2017,944.1
10-05-2017,943.65
09-05-2017,946.65
08-05-2017,945.5
05-05-2017,931.5
04-05-2017,937.65
03-05-2017,934.3
02-05-2017,922.6
28-04-2017,918.95
27-04-2017,925.25
26-04-2017,914.25
25-04-2017,929.35
24-04-2017,926.55
21-04-2017,923.7
20-04-2017,927.3
19-04-2017,919.2
18-04-2017,922.65
17-04-2017,924.9
13-04-2017,931.4
12-04-2017,968.85
11-04-2017,967.15
10-04-2017,953.4
07-04-2017,981.55
06-04-2017,999.6
05-04-2017,995.95
03-04-2017,1008.8
31-03-2017,1022.25
30-03-2017,1025.5
29-03-2017,1031.85
28-03-2017,1035.15
27-03-2017,1028.85
24-03-2017,1031.4
23-03-2017,1040.45
22-03-2017,1027.7
21-03-2017,1032.85
20-03-2017,1021.5
17-03-2017,1040.3
16-03-2017,1028.85
15-03-2017,1011.95
14-03-2017,1034.8
10-03-2017,1021.85
09-03-2017,1011.55
08-03-2017,1007.8
07-03-2017,1019.8
06-03-2017,1033.9
03-03-2017,1031.2
02-03-2017,1023.3
01-03-2017,1025.15
28-02-2017,1012.4
27-02-2017,1012.4
23-02-2017,1008.85
22-02-2017,990.15
21-02-2017,1013.6
20-02-2017,1010.25
17-02-2017,1000.1
16-02-2017,1012.1
15-02-2017,981.8
14-02-2017,987.7
13-02-2017,984.35
10-02-2017,968.3
09-02-2017,946
08-02-2017,936.5
07-02-2017,942.25
06-02-2017,935.25
03-02-2017,936.1
02-02-2017,935.9
01-02-2017,916.75
31-01-2017,928.6
30-01-2017,949.35
27-01-2017,942.15
25-01-2017,936.6
24-01-2017,945.55
23-01-2017,952.7
20-01-2017,948.7
19-01-2017,958.1
18-01-2017,950.8
17-01-2017,955.4
16-01-2017,955.65
13-01-2017,975.8
12-01-2017,1000.05
11-01-2017,969.1
10-01-2017,970.55
09-01-2017,970.35
06-01-2017,972.25
05-01-2017,996.15
04-01-2017,997.75
03-01-2017,993.85
02-01-2017,1001.1
30-12-2016,1010.6
29-12-2016,992.35
28-12-2016,998.5
27-12-2016,998.95
26-12-2016,982.75
23-12-2016,988.45
22-12-2016,984.7
21-12-2016,1001.55
20-12-2016,1012.15
19-12-2016,1004.65
16-12-2016,1005.15
15-12-2016,992.35
14-12-2016,999.75
13-12-2016,990.2
12-12-2016,977.35
09-12-2016,989.35
08-12-2016,984.65
07-12-2016,966.4
06-12-2016,966.5
05-12-2016,961.65
02-12-2016,964.5
01-12-2016,975.6
30-11-2016,975.55
29-11-2016,972.6
28-11-2016,979.75
25-11-2016,977.5
24-11-2016,930.3
23-11-2016,920.25
22-11-2016,914.2
21-11-2016,911.1
18-11-2016,920
17-11-2016,929.8
16-11-2016,940.9
15-11-2016,923.55
11-11-2016,921.55
10-11-2016,939.4
09-11-2016,958.3
08-11-2016,982.6
07-11-2016,977.95
04-11-2016,971
03-11-2016,966.85
02-11-2016,981.05
01-11-2016,989.45
30-10-2016,1002.1
28-10-2016,997.5
27-10-2016,1003.5
26-10-2016,1014.2
25-10-2016,1017.2
24-10-2016,1027.1
21-10-2016,1038.3
20-10-2016,1036.65
19-10-2016,1041.8
18-10-2016,1039.05
17-10-2016,1022.4
14-10-2016,1027.15
13-10-2016,1052.35
10-10-2016,1029.95
07-10-2016,1012.55
06-10-2016,1027.4
05-10-2016,1041.5
04-10-2016,1049.2
03-10-2016,1038.1
30-09-2016,1036.05
29-09-2016,1029.2
28-09-2016,1038.95
27-09-2016,1039.75
26-09-2016,1035.9
23-09-2016,1042.55
22-09-2016,1058.8
21-09-2016,1055.75
20-09-2016,1050.15
19-09-2016,1061.2
16-09-2016,1060.15
15-09-2016,1042.2
14-09-2016,1045.6
12-09-2016,1054
09-09-2016,1035.5
08-09-2016,1037.65
07-09-2016,1054.35
06-09-2016,1045
02-09-2016,1031.85
01-09-2016,1037.55
31-08-2016,1035.85
30-08-2016,1040.4
29-08-2016,1022.8
26-08-2016,1020.25
25-08-2016,1036.15
24-08-2016,1057.4
23-08-2016,1039.65
22-08-2016,1015.45
19-08-2016,1021.3
18-08-2016,1023.4
17-08-2016,1033.3
16-08-2016,1051.8
12-08-2016,1062.55
11-08-2016,1077.35
10-08-2016,1082.35
09-08-2016,1083.4
08-08-2016,1078.7
05-08-2016,1068
04-08-2016,1071.8
03-08-2016,1084.9
02-08-2016,1083.8
01-08-2016,1085.25
29-07-2016,1073.85
28-07-2016,1077.5
27-07-2016,1085.35
26-07-2016,1088.7
25-07-2016,1080.85
22-07-2016,1072.45
21-07-2016,1079.9
20-07-2016,1083.1
19-07-2016,1086.95
18-07-2016,1081.95
15-07-2016,1072.55
14-07-2016,1176.25
13-07-2016,1193.8
12-07-2016,1176.55
11-07-2016,1175.05
08-07-2016,1158.2
07-07-2016,1157.25
05-07-2016,1175.45
04-07-2016,1183.95
01-07-2016,1172.4
30-06-2016,1170.8
29-06-2016,1176.85
28-06-2016,1159.15
27-06-2016,1166.2
24-06-2016,1194.55
23-06-2016,1211.6
22-06-2016,1199.5
21-06-2016,1206.1
20-06-2016,1208.75
17-06-2016,1179.5
16-06-2016,1186
15-06-2016,1189.95
14-06-2016,1175
13-06-2016,1180.9
10-06-2016,1180.6
09-06-2016,1185.5
08-06-2016,1238.1
07-06-2016,1257.4
06-06-2016,1266.75
03-06-2016,1266.9
02-06-2016,1261.55
01-06-2016,1258.2
31-05-2016,1248.65
30-05-2016,1267.6
27-05-2016,1247.5
26-05-2016,1234.15
25-05-2016,1208.65
24-05-2016,1187.75
23-05-2016,1188
20-05-2016,1201.6
19-05-2016,1205.75
18-05-2016,1209.85
17-05-2016,1214.25
16-05-2016,1215
13-05-2016,1207.25
12-05-2016,1210
11-05-2016,1201.85
10-05-2016,1212.8
09-05-2016,1199.05
06-05-2016,1181.5
05-05-2016,1192.45
04-05-2016,1188.85
03-05-2016,1177.8
02-05-2016,1201.05
29-04-2016,1208.1
28-04-2016,1209.15
27-04-2016,1240.15
26-04-2016,1232.15
25-04-2016,1215.85
22-04-2016,1211.25
21-04-2016,1226.3
20-04-2016,1243.6
18-04-2016,1238.7
13-04-2016,1172.7
12-04-2016,1182.2
11-04-2016,1183.9
08-04-2016,1165.75
07-04-2016,1181.5
06-04-2016,1200.7
05-04-2016,1219.8
04-04-2016,1243.7
01-04-2016,1205.45
31-03-2016,1218.3
30-03-2016,1205.95
29-03-2016,1197.25
28-03-2016,1204.9
23-03-2016,1207.8
22-03-2016,1189.95
21-03-2016,1194.9
18-03-2016,1193.4
17-03-2016,1161.75
16-03-2016,1152.45
15-03-2016,1134.4
14-03-2016,1141.2
11-03-2016,1143
10-03-2016,1142.5
09-03-2016,1178.5
08-03-2016,1163.45
04-03-2016,1170.65
03-03-2016,1169.3
02-03-2016,1156
01-03-2016,1125.45
29-02-2016,1084.05
26-02-2016,1121.15
25-02-2016,1110.3
24-02-2016,1125.35
23-02-2016,1123.9
22-02-2016,1126.65
19-02-2016,1127.25
18-02-2016,1123.4
17-02-2016,1097.85
16-02-2016,1079.15
15-02-2016,1091.75
12-02-2016,1084.65
11-02-2016,1078.65
10-02-2016,1108.55
09-02-2016,1107.65
08-02-2016,1150.8
05-02-2016,1174.7
04-02-2016,1179.75
03-02-2016,1157.7
02-02-2016,1175.55
01-02-2016,1173.35
29-01-2016,1164.9
28-01-2016,1129.6
27-01-2016,1138.5
25-01-2016,1137.65
22-01-2016,1136.25
21-01-2016,1137.05
20-01-2016,1121.25
19-01-2016,1139.65
18-01-2016,1131.9
15-01-2016,1139.9
14-01-2016,1133
13-01-2016,1083.4
12-01-2016,1049.95
11-01-2016,1055.7
08-01-2016,1063.3
07-01-2016,1050.8
06-01-2016,1069.35
05-01-2016,1074.05
04-01-2016,1078.9
01-01-2016,1105.25
31-12-2015,1105.4
30-12-2015,1086.3
29-12-2015,1104.7
28-12-2015,1104.75
24-12-2015,1096.35
23-12-2015,1100.85
22-12-2015,1083.75
21-12-2015,1103.45
18-12-2015,1083.15
17-12-2015,1107.1
16-12-2015,1095.85
15-12-2015,1077.55
14-12-2015,1069.5
11-12-2015,1052.8
10-12-2015,1047.35
09-12-2015,1028.2
08-12-2015,1044.4
07-12-2015,1046.25
04-12-2015,1049.05
03-12-2015,1057.75
02-12-2015,1060.7
01-12-2015,1079
30-11-2015,1087.9
27-11-2015,1066.35
26-11-2015,1052.4
24-11-2015,1041.15
23-11-2015,1053.7
20-11-2015,1052.4
19-11-2015,1047.8
18-11-2015,1020
17-11-2015,1061.5
16-11-2015,1080.2
13-11-2015,1100.8
11-11-2015,1107.6
10-11-2015,1103.85
09-11-2015,1134.6
06-11-2015,1138.3
05-11-2015,1122.9
04-11-2015,1136.8
03-11-2015,1145.5
02-11-2015,1131.2
30-10-2015,1135.45
29-10-2015,1145.05
28-10-2015,1153.2
27-10-2015,1149.4
26-10-2015,1152.15
23-10-2015,1149.9
21-10-2015,1138.4
20-10-2015,1125.95
19-10-2015,1111.95
16-10-2015,1094.9
15-10-2015,1097.35
14-10-2015,1097.6
13-10-2015,1099.4
12-10-2015,1122.9
09-10-2015,1167.4
08-10-2015,1132.15
07-10-2015,1133.2
06-10-2015,1154.6
05-10-2015,1181.75
01-10-2015,1173.05
30-09-2015,1161.95
29-09-2015,1121.85
28-09-2015,1105.55
24-09-2015,1140.55
23-09-2015,1116.25
22-09-2015,1107.45
21-09-2015,1104.65
18-09-2015,1104.45
16-09-2015,1101.65
15-09-2015,1099.2
14-09-2015,1099.75
11-09-2015,1090.75
10-09-2015,1080.45
09-09-2015,1088.7
08-09-2015,1058.8
07-09-2015,1058.75
04-09-2015,1073.95
03-09-2015,1099.35
02-09-2015,1099.45
01-09-2015,1089
31-08-2015,1094.4
28-08-2015,1111.05
27-08-2015,1082.8
26-08-2015,1064.6
25-08-2015,1085.65
24-08-2015,1092.05
21-08-2015,1149.9
20-08-2015,1134.55
19-08-2015,1175.55
18-08-2015,1164.35
17-08-2015,1142.15
14-08-2015,1149.25
13-08-2015,1158
12-08-2015,1144.4
11-08-2015,1109.15
10-08-2015,1086
07-08-2015,1095.6
06-08-2015,1086.95
05-08-2015,1086.35
04-08-2015,1057.25
03-08-2015,1078.95
31-07-2015,1077.05
30-07-2015,1070
29-07-2015,1085.4
28-07-2015,1062.85
27-07-2015,1065.3
24-07-2015,1087.6
23-07-2015,1098
22-07-2015,1103.15
21-07-2015,1112.65
20-07-2015,1001.25
17-07-2015,1001.85
16-07-2015,989.05
15-07-2015,984
14-07-2015,971.25
13-07-2015,950.15
10-07-2015,937.5
09-07-2015,938
08-07-2015,957.5
07-07-2015,980.5
06-07-2015,983.3
03-07-2015,990.3
02-07-2015,988
01-07-2015,997.4
30-06-2015,984.35
29-06-2015,990.15
26-06-2015,1005.25
25-06-2015,990.45
24-06-2015,995.1
23-06-2015,1000.4
22-06-2015,1023.85
19-06-2015,995.35
18-06-2015,1001.95
17-06-2015,995.7
16-06-2015,999.35
15-06-2015,990.45
12-06-2015,1975.05
11-06-2015,1997.65
10-06-2015,2026.5
09-06-2015,1992.1
08-06-2015,2000.05
05-06-2015,2011.65
04-06-2015,2028.05
03-06-2015,2020.9
02-06-2015,2008.65
01-06-2015,2047.8
29-05-2015,2023.15
28-05-2015,2016.6
27-05-2015,1968.5
26-05-2015,2007.3
25-05-2015,2016.8
22-05-2015,2046.45
21-05-2015,2048.45
20-05-2015,2047.3
19-05-2015,2022.35
18-05-2015,1993.05
15-05-2015,1961.75
14-05-2015,1934.8
13-05-2015,1956.7
12-05-2015,1947.1
11-05-2015,1993.65
08-05-2015,1957.95
07-05-2015,1944
06-05-2015,1922.05
05-05-2015,1962.75
04-05-2015,1993.1
30-04-2015,1942.25
29-04-2015,1961.15
28-04-2015,1960.9
27-04-2015,1984.65
24-04-2015,1995.2
23-04-2015,2122
22-04-2015,2137.7
21-04-2015,2142.6
20-04-2015,2132.15
17-04-2015,2179.25
16-04-2015,2194.65
15-04-2015,2213.7
13-04-2015,2238.8
